id,npsId,name
1,28AEAE85-9DDA-45B6-981B-1CFCDCC61E14,African American Heritage
2,F3883A66-A7CB-461B-868E-1B5932224B25,American Revolution
3,FB3641FE-67A3-4EC7-B9C4-0A0867776798,Ancient Seas
4,0D00073E-18C3-46E5-8727-2F87B112DDC6,Animals
5,7F81A0CB-B91F-4896-B9A5-41BE9A54A27B,Archeology
6,69693007-2DF2-4EDE-BB3B-A25EBA72BDF5,Architecture and Building
7,77B7EFDF-1A74-409C-8BA2-324EC919DB0E,Arctic
8,00F3C3F9-2D67-4802-81AE-CCEA5D3BA370,Arts
9,227D2677-28CA-4CBF-997F-61108975A497,Asian American Heritage
10,B912363F-771C-4098-BA3A-938DF38A9D7E,Aviation
11,FC27FD15-62AA-4662-A97F-8E2A1A7CDE35,Banking
12,D10852A3-443C-4743-A5FA-6DD6D2A054B3,Birthplace
13,607D41B0-F830-4C07-A557-BCEF880A3929,"Burial, Cemetery and Gravesite"
14,BCE3ACBE-7871-495B-AEA3-5E19BC482405,Canyons and Canyonlands
15,E25F3456-43ED-45DD-93BC-057F9B944F7A,"Caves, Caverns and Karst"
16,4DC11D06-00F1-4A01-81D0-89CCCCE4FF50,Climate Change
17,46FC5CBD-9AD5-48F1-B4DA-1357031B1D2E,"Coasts, Islands and Atolls"
18,7F12224B-217A-4B07-A4A2-636B1CE7F221,Colonization and Settlement
19,1170EEB6-5070-4760-8E7D-FF1A98272FAD,Commerce
20,DAAD7F5E-9112-45F2-9A27-DA51B639F27E,Dams
21,CDD8F34E-3BD4-425A-8264-4F0BA0DFBA38,Dunes
22,FE005582-12C5-472C-8229-3CB004DB050E,Engineering
23,D9FC6D14-F8C7-4EBA-86EA-DFD99B6BB4F5,Enslavement
24,F79C1242-80FF-40F0-A0C1-5FFCBA172EC0,Estuaries and Mangroves
25,12EA2B56-17EC-410A-A10D-BFBA87A0669B,Explorers and Expeditions
26,1F833C99-A75D-4F9E-9256-B96523485466,Farming and Agriculture
27,04A39AB8-DD02-432F-AE5F-BA1267D41A0D,Fire
28,9F6A7003-59D6-4438-935F-760FD04C1073,"Foothills, Plains and Valleys"
29,41B1A0A3-11FF-4F55-9CB9-034A7E28B087,Forests and Woodlands
30,988B4AFC-F478-4673-B66D-E6BDB0CCFF35,Forts
31,F6D3A52E-608F-47D6-96DF-1FD64122A2FC,Fossils and Paleontology
32,F0F97E32-2F29-41B4-AF98-9FBE8DAB36B1,Geology
33,F16A7A2C-174D-4FD8-9203-8D8D8EAD644B,Geothermal
34,FBB14C45-1663-4714-9D28-B2B99874644D,Glaciers
35,94262026-92F5-48E9-90EF-01CEAEFBA4FF,Grasslands
36,F12B6BDB-2FE9-4961-9DC2-59FEBC0990CD,Great Depression
37,4BE01DC5-52E6-4F18-8C9A-B22D65965F6D,Groundwater
38,78078CA8-DCBC-4320-A7BF-259A56D55CA2,Hispanic American Heritage
39,2B428F59-9148-40C1-B38E-130589F2540E,Immigration
40,66151063-AD2D-43C4-A385-5876B5AAD4F3,Impact Craters
41,351EE154-87AA-46B0-BBA1-ED604368ACE9,Incarceration
42,0B575E33-B68F-4F3D-998E-B03284606CF3,Industry
43,E0AB480F-3A94-4DC1-8B21-9555F2C59B32,LGB American Heritage
44,14FA9FF3-7D86-4406-9A6D-BE9032A1C578,Laborer and Worker
45,1CF1F6BB-A037-445B-8CF2-81428E50CE52,Lakes
46,AF4F1CDF-E6C4-4886-BA91-8BC887DC2793,Landscape Design
47,9FCC01C6-F068-4A05-9A78-23FEBFADAF56,Latino American Heritage
48,4C9D4777-A9DA-47D1-A0B9-F4A3C98BC1B3,Maritime
49,4B3CD083-7500-434B-A8C2-D355925E0245,Medicine
50,69E16062-0E4F-4DE0-91FB-E4EDB2484572,Migrations
51,3B0D607D-9933-425A-BFA0-21529AC4734C,Military
52,BEB7E470-13B2-4E00-84B2-0402D98DAF69,Monuments and Memorials
53,101F4D51-F99D-45A6-BBB6-CD481E5FACED,Mountains
54,571E1597-4C6A-4814-A7E9-FC4EF8293CE8,Music
55,A1BAF33E-EA84-4608-A888-4CEE9541F027,Native American Heritage
56,F8C2FE93-DEB3-4B12-9A87-913E3E6B448D,Natural Sounds
57,A7359FC4-DAD8-45F5-AF15-7FF62F816ED3,Night Sky
58,0E6D8503-CB65-467F-BCD6-C6D9E28A4E0B,Oceans
59,272549CF-EAA4-4603-8E20-FBE1AAB391B7,Pacific Islander Heritage
60,F669BC40-BDC4-41C0-9ACE-B2CD25373045,Presidents
61,BAA85463-A96E-4CF4-A260-290D195423DB,Reconstruction
62,518B32FB-339D-4C52-B2C2-04BF406AA4B0,Religion and Spirituality
63,A155238F-0DD2-4610-9B87-05FCE1C59283,River and Riparian
64,4244F489-6813-4B7A-9D0C-20CE098C8FFF,Rock Landscapes and Features
65,9C9FCBB6-360B-4743-8155-6F9341CBE01B,Scenic Views
66,3CDB67A9-1EAC-408D-88EC-F26FA35E90AF,Schools and Education
67,D1CF31DE-AFED-412B-9425-DD1FD4CBB5C7,"Science, Technology and Innovation"
68,40C0866A-3890-41A4-84CA-5935DEE181AE,Social Movements
69,CA07BC05-8FE3-4830-8041-14BC9B609A5F,The Tropics
70,A86F34FB-BD6D-4D09-80CC-421B6113DF2E,Thickets and Shrublands
71,A160B3D9-1603-4D89-B82F-21FCAF9EEE3B,Tragic Events
72,5BE55D7F-BDB6-4E3D-AC35-2D8EBB974417,Trails
73,FE2C2613-B41E-4531-BC43-03EB6E45CBCF,Transportation
74,78E4F4AC-AF97-435A-8C2C-7FB8D67516ED,Unique Species
75,846E5C56-E5AC-489C-B3BF-11F4C73F12C2,Urban America
76,90F8744F-CD10-4925-955C-064CB1A17EB0,Volcanoes
77,27BF8807-54EA-4A3D-B073-AA7AA361CD7E,Wars and Conflicts
78,5ED826E0-76BB-47BB-87DD-E081A72B0A04,Waterfalls
79,BA12B386-49EA-46B0-9121-FCACACC47538,Watersheds
80,C9C749E3-39C3-45F7-BCC5-9A609E30AA05,Westward Expansion
81,1365C347-952C-475A-B755-731DD523C195,Wetlands
82,B85866E2-0897-4000-9040-605CA335804F,Wilderness
83,7DA81DAB-5045-4953-9C20-36590AD9FA95,Women's History
