id,parkId,campgroundId,emailAddress,description
1,,1,AMIS_Interpretation@nps.gov,""
2,,2,GRSM_Smokies_Information@nps.gov,""
3,,3,cato_campmanager@nps.gov,Email for information and questions: cato_campmanager@nps.gov
4,,4,dyanna.threeirons@crow-nsn.gov,""
5,,5,ozar_campground_operation@nps.gov,""
6,,6,orpi_information@nps.gov,""
7,,7,ozar_campground_operations@nps.gov,Email us for questions about park campgrounds and their regulations.
8,,8,biso_information@nps.gov,""
9,,10,chis_information@nps.gov,""
10,,11,jschebesta@apmlp.com,RV park manager
11,,12,choh_information@nps.gov,""
12,,13,glac_questions@nps.gov,"This is the park's general contact email. This is not an email for making campground reservations. There is no direct email for the park's campgrounds. 

You can make campground reservations on recreation.gov or by calling 1-877-444-6777."
13,,14,neri_interpretation@nps.gov,""
14,,15,romo_information@nps.gov,""
15,,16,SEKI_Information@nps.gov,""
16,,17,PIRO_Information@nps.gov,""
17,,18,PIRO_Information@nps.gov,""
18,,19,glac_questions@nps.gov,This is the park's general contact email. There is no direct email for the park's campgrounds.
19,,20,SEKI_Information@nps.gov,""
20,,21,ozar_campground_operations@nps.gov,Email us for questions about park campgrounds and their regulations.
21,,22,asis_information@nps.gov,""
22,,23,asis_information@nps.gov,""
23,,24,asis_information@nps.gov,""
24,,25,asis_information@nps.gov,""
25,,26,asis_information@nps.gov,""
26,,27,asis_information@nps.gov,""
27,,28,whsa_interpretation@nps.gov,""
28,,30,lavo_information@nps.gov,"Lassen's main email contact for visitor questions, comments, and concerns. Please allow a few days for response, as staff availability varies."
29,,31,fiis_information@nps.gov,""
30,,32,grsa_interpretation@nps.gov,Contact email for questions about backpacking in the park and preserve
31,,33,grba_interpretation@nps.gov,""
32,,34,choh_information@nps.gov,""
33,,35,GRSM_Smokies_Information@nps.gov,""
34,,36,biso_information@nps.gov,""
35,,37,info@hiddentreasurecharters.com,""
36,,38,glba_administration@nps.gov,""
37,,39,sleepingbearinfo@nps.gov,""
38,,40,ozar_campground_operations@nps.gov,Email us for questions about park campgrounds and their regulations.
39,,41,asis_information@nps.gov,""
40,,42,biso_information@nps.gov,""
41,,43,bicy_information@nps.gov,bicy_information@nps.gov
42,,44,PIRO_Information@nps.gov,""
43,,45,isro_parkinfo@nps.gov,""
44,,46,glca_information@nps.gov,This is the general information email for all of Glen Canyon National Recreation Area. It is checked weekly.
45,,47,jotr_info@nps.gov,""
46,,48,deto_fee_office@nps.gov,""
47,,49,isro_parkinfo@nps.gov,""
48,,50,PIRO_Information@nps.gov,""
49,,51,goga_info@nps.gov,""
50,,52,GRSM_Smokies_Information@nps.gov,""
51,,53,shen_info@nps.gov,"We get a large number of e-mail inquiries, and e-mails are not answered on weekends. Please allow one week for a reply."
52,,54,kaww_info@nps.gov,""
53,,55,kaww_info@nps.gov,""
54,,56,kaww_info@nps.gov,""
55,,57,ozar_campground_operations@nps.gov,Email us for questions about park campgrounds and their regulations.
56,,58,ozar_campground_operations@nps.gov,Email us for questions about park campgrounds and their regulations.
57,,59,CHOH_information@nps.gov,""
58,,60,isro_parkinfo@nps.gov,""
59,,61,pais_visitor_center@nps.gov,""
60,,62,BICA_media@nps.gov,This is the email address for the Bighorn Canyon Visitor Center and will be answered during normal business hours.
61,,63,moja_info@nps.gov,""
62,,64,jotr_info@nps.gov,""
63,,65,acadia_information@nps.gov,""
64,,66,lamr_interpretation@nps.gov,""
65,,67,biso_information@nps.gov,""
66,,69,ozar_campground_operations@nps.gov,Email us for questions about park campgrounds and their regulations.
67,,70,lamr_interpretation@nps.gov,""
68,,71,cong_information@nps.gov,""
69,,72,bisc_information@nps.gov,""
70,,73,chir_info@nps.gov,If you cannot find answers to your questions on www.recreation.gov you may email us. Please note that we cannot make or change reservations. We are unable provide specific advice on what vehicles fit in sites or to give exceptions to our policies.
71,,74,lake_information@nps.gov,""
72,,75,lake_information@nps.gov,""
73,,76,MNRR_Camping_Permit@nps.gov,""
74,,77,glac_questions@nps.gov,"This is the park's general contact email, there is no direct email for the campgrounds."
75,,78,whis_information@nps.gov,""
76,,79,whis_information@nps.gov,""
77,,80,cuis_info@nps.gov,For general campground inquiries contact Cumberland Island National Seashore. To make reservations or to inquire about availability contact Recreation.gov.
78,,81,yose_web_manager@nps.gov,""
79,,82,reserve-ynp@xanterra.com,""
80,,83,ozar_campground_operations@nps.gov,Email us for questions about park campgrounds and their regulations.
81,,85,KATM_Visitor_Information@nps.gov,""
82,,86,SEKI_Information@nps.gov,""
83,,87,chic_interpretation@nps.gov,""
84,,88,chic_interpretation@nps.gov,""
85,,89,chic_interpretation@nps.gov,""
86,,90,chic_interpretation@nps.gov,""
87,,91,buff_information@nps.gov,""
88,,92,lamr_interpretation@nps.gov,""
89,,93,glca_information@nps.gov,This email is the general information for Glen Canyon. We do not have direct contact with Lake Powell Resorts or their campgrounds. All sites are reservation only. Reservations are taken at https://www.lakepowell.com/rv-camping/wahweap-rv-campground/ This campground is not operated by the National Park Service.
90,,94,bicy_information@nps.gov,""
91,,95,neri_interpretation@nps.gov,""
92,,97,lavo_fees@nps.gov,General email address for camping information.
93,,98,prwi_info@nps.gov,""
94,,99,prwi_info@nps.gov,""
95,,100,prwi_info@nps.gov,""
96,,101,prwi_info@nps.gov,""
97,,102,prwi_info@nps.gov,""
98,,103,prwi_info@nps.gov,""
99,,104,CHOH_information@nps.gov,""
100,,105,GRSM_Smokies_Information@nps.gov,""
101,,106,GRSM_Smokies_Information@nps.gov,""
102,,107,choh_information@nps.gov,""
103,,108,lake_information@nps.gov,General Lake Mead National Recreation Area information inbox.
104,,110,yose_web_manager@nps.gov,""
105,,111,cato_campmanager@nps.gov,Email for information and questions: cato_campmanager@nps.gov
106,,112,cato_campmanager@nps.gov,""
107,,113,campnaborlee1960@gmail.com,""
108,,114,cato_campmanager@nps.gov,Email for information and questions: cato_campmanager@nps.gov
109,,115,avia_woulard@nps.gov,""
110,,116,reserve-ynp@xanterra.com,""
111,,117,klgo_information@nps.gov,""
112,,118,lloyd_masayumptewa@nps.gov,""
113,,119,SEKI_Interpretation@nps.gov,""
114,,120,caha_public_affairs@nps.gov,""
115,,121,isro_parkinfo@nps.gov,""
116,,122,buff_information@nps.gov,""
117,,123,GRSM_Smokies_Information@nps.gov,""
118,,124,orca_information@nps.gov,Oregon Caves general information email address
119,,125,lamr_interpretation@nps.gov,""
120,,126,ozar_campground_operations@nps.gov,Email us for questions about park campgrounds and their regulations.
121,,127,NA@NA.NA,Please contact at: https://www.cedarpasslodge.com/contact-us
122,,128,ozar_campground_operations@nps.gov,Email us for questions about park campgrounds and their regulations.
123,,129,INDU_Fee_Collection@nps.gov,""
124,,130,chic_interpretation@nps.gov,""
125,,131,PIRO_Information@nps.gov,""
126,,133,isro_parkinfo@nps.gov,""
127,,134,CHOH_information@nps.gov,""
128,,135,BIBE_info@nps.gov,""
129,,136,prwi_info@nps.gov,""
130,,137,cure_info@nps.gov,""
131,,138,info@cinnamonbayvi.com,""
132,,139,samo_interpretation@nps.gov,""
133,,140,ciro_superintendent@nps.gov,""
134,,141,PIRO_Information@nps.gov,""
135,,142,PIRO_Information@nps.gov,""
136,,143,laro_web_master@nps.gov,"This is for general park information. For assistance with booking a campsite or issues with recreation.gov, call (877) 444-6777."
137,,144,ozar_campground_operations@nps.gov,Email us for questions about park campgrounds and their regulations.
138,,145,pore_info@nps.gov,"Please browse through our website (the Plan Your Visit section, especially the Backcountry Camping page, is very useful) and check out the Frequently Asked Questions before submitting your message. We receive a lot of emails requesting information that is available through our website.

We will respond to emails in the order they are received as soon as possible. Due to the high volume of email, response to your message may take more than a week. Please ensure that the email address you provide is correct."
139,,146,SEKI_Information@nps.gov,""
140,,147,chic_interpretation@nps.gov,""
141,,148,noca_information@nps.gov,""
142,,149,noca_information@nps.gov,""
143,,150,glca_information@nps.gov,This is the general information email for Glen Canyon National Recreation Area. The inbox is checked weekly. These camp sites do not take reservations.
144,,151,gtlcreservations@vailresorts.com,http://www.gtlc.com/camping/colter-bay-campground
145,,152,gtlcreservations@vailresorts.com,http://www.gtlc.com/rv/colter-bay-rv-park
146,,153,gtlcreservations@vailresorts.com,""
147,,154,GRSM_Smokies_Information@nps.gov,""
148,,155,thro_fees_reservations@nps.gov,Reservations cannot be taken by email. All reservations must be made through www.recreation.gov
149,,156,jotr_info@nps.gov,""
150,,157,bibe_info@nps.gov,""
151,,160,morainfo@nps.gov,""
152,,161,PIRO_Information@nps.gov,""
153,,162,PIRO_Information@nps.gov,""
154,,163,blri_campgrounds@nps.gov,""
155,,164,yose_web_manager@nps.gov,""
156,,165,whis_information@nps.gov,""
157,,166,SEKI_Information@nps.gov,""
158,,167,SEKI_Information@nps.gov,""
159,,168,choh_information@nps.gov,""
160,,169,GLAC_Questions@nps.gov,This is the park's general contact email. This is not an email for making campground reservations. There is no direct email for the park's campgrounds.
161,,170,sleepingbearinfo@nps.gov,""
162,,171,sleepingbearinfo@nps.gov,""
163,,172,isro_parkinfo@nps.gov,""
164,,173,guis_information@nps.gov,"General inquiries about the campground will be directed to campground staff. Please allow two weeks for response. Reservations may not be made through this email. Vacancy information is not available through this email, please visit www.recreation.gov for vacancy information or to make reservations."
165,,175,BICA_media@nps.gov,This is the email address for the Bighorn Canyon Visitor Center and will be answered during normal business hours.
166,,176,ozar_campground_operations@nps.gov,Email us for questions about park campgrounds and their regulations.
167,,177,GRSM_Smokies_Information@nps.gov,""
168,,178,olym_visitor_center@nps.gov,Olympic National Park Visitor Center
169,,179,dino_information@nps.gov,Main Monument Email
170,,180,grca_information@nps.gov,Grand Canyon National Park Information email.
171,,181,choh_information@nps.gov,""
172,,182,archinfo@nps.gov,""
173,,183,info@dingmanscampground.com,""
174,,184,glca_information@nps.gov,"This is the general email for all of Glen Canyon. These primitive camping areas do not have emails, phones, or rangers stationed there. No reservations."
175,,185,gumo_information@nps.gov,""
176,,186,SEKI_Information@nps.gov,""
177,,187,blri_campgrounds@nps.gov,""
178,,188,sagu_information@nps.gov,""
179,,189,whis_information@nps.gov,""
180,,190,cure_info@nps.gov,""
181,,191,acadia_information@nps.gov,""
182,,192,grba_interpretation@nps.gov,""
183,,193,INDU_Fee_Collection@nps.gov,""
184,,194,isro_parkinfo@nps.gov,""
185,,195,isro_parkinfo@nps.gov,""
186,,196,INDU_Fee_Collection@nps.gov,""
187,,197,klgo_information@nps.gov,""
188,,198,isro_parkinfo@nps.gov,""
189,,199,cure_info@nps.gov,""
190,,200,cure_info@nps.gov,""
191,,201,cure_info@nps.gov,""
192,,202,lake_information@nps.gov,""
193,,204,dino_information@nps.gov,Main Monument Email
194,,205,wendy_gordge@nps.gov,""
195,,206,cure_info@nps.gov,""
196,,207,WICA_interpretation@nps.gov,""
197,,208,redw_information@nps.gov,"Campground reservations and questions for ""Reserve California"" are handled from their website and phone-line."
198,,209,GRSM_Smokies_Information@nps.gov,""
199,,210,GRSM_Smokies_Information@nps.gov,""
200,,211,bisc_information@nps.gov,""
201,,212,deva_information@nps.gov,""
202,,213,buff_information@nps.gov,""
203,,214,kaww_info@nps.gov,""
204,,215,Deva_Information@nps.gov,""
205,,216,laro_web_master@nps.gov,"This is for general park information. For assistance with booking a campsite or issues with recreation.gov, call (877) 444-6777."
206,,217,laro_web_master@nps.gov,"This is for general park information. For assistance with booking a campsite or issues with recreation.gov, call (877) 444-6777."
207,,218,choh_information@nps.gov,""
208,,219,kefjinformation@nps.gov,""
209,,220,olym_visitor_center@nps.gov,Olympic National Park Visitor Center
210,,221,glca_information@nps.gov,"This is the general information phone number for all of Glen Canyon. These primitive camping areas do not have facilities, and do not take reservations."
211,,222,isro_parkinfo@nps.gov,""
212,,223,choh_information@nps.gov,""
213,,224,klgo_information@nps.gov,""
214,,225,glac_questions@nps.gov,"This is the park's general contact email and not an email for making reservations. Reservations may be made through the National Park Service Reservation system at recreation.gov
or by calling 1-877-444-6777."
215,,226,reserve-ynp@xanterra.com,""
216,,227,flamingoreservations@guestservices.com,""
217,,229,GRPO_Back_Country@nps.gov,"To make a reservation, or for additional information about back country camping at Grand Portage National Monument."
218,,231,guis_information@nps.gov,"General inquiries about the campground will be directed to campground staff. Please allow two weeks for response. Reservations may not be made through this email. Vacancy information is not available through this email, please visit www.recreation.gov for vacancy information or to make reservations."
219,,233,laro_web_master@nps.gov,"This is for general park information. For assistance with booking a campsite or issues with recreation.gov, call (877) 444-6777."
220,,236,caha_public_affairs@nps.gov,""
221,,237,lamr_interpretation@nps.gov,""
222,,239,deva_information@nps.gov,""
223,,241,drto_information@gmail.com,""
224,,242,dino_information@nps.gov,Main Monument Email
225,,243,cure_info@nps.gov,""
226,,244,bicy_information@nps.gov,""
227,,245,neri_interpretation@nps.gov,""
228,,246,laro_web_master@nps.gov,"This is for general park information. For assistance with booking a campsite or issues with recreation.gov, call (877) 444-6777."
229,,247,laro_web_master@nps.gov,"This is for general park information. For assistance with booking a campsite or issues with recreation.gov, call (877) 444-6777."
230,,248,romo_information@nps.gov,""
231,,249,neri_interpretation@nps.gov,""
232,,250,pore_info@nps.gov,"Please browse through our website (the Plan Your Visit section, especially the Backcountry Camping page, is very useful) and check out the Frequently Asked Questions before submitting your message. We receive a lot of emails requesting information that is available through our website. 

We will respond to emails in the order they are received as soon as possible. Due to the high volume of email, response to your message may take more than a week. Please ensure that the email address you provide is correct."
233,,251,MNRR_Camping_Permit@nps.gov,""
234,,252,redw_information@nps.gov,"Developed campground questions and reservations are handled through the ""Reserve California"" website and phone-line."
235,,253,noca_information@nps.gov,""
236,,254,ozar_campground_operations@nps.gov,Email us for questions about park campgrounds and their regulations.
237,,255,noca_information@nps.gov,""
238,,256,AMIS_Interpretation@nps.gov,""
239,,257,isro_parkinfo@nps.gov,""
240,,258,kaww_info@nps.gov,""
241,,259,PIRO_Information@nps.gov,""
242,,260,neri_interpretation@nps.gov,""
243,,261,reserve-ynp@xanterra.com,""
244,,262,dyanna.threeirons@crow-nsn.gov,""
245,,263,sagu_information@nps.gov,""
246,,264,olym_visitor_center@nps.gov,Olympic National Park Visitor Center
247,,265,calo_information@nps.gov,General information email address for the park
248,,266,MNRR_Camping_Permit@nps.gov,""
249,,267,dino_information@nps.gov,Main Monument Email
250,,268,gree_visitorservices@nps.gov,""
251,,269,grba_interpretation@nps.gov,""
252,,270,gtlcreservations@vailresorts.com,https://www.gtlc.com/camping/gros-ventre-campground
253,,273,ozar_campground_operations@nps.gov,Email us for questions about park campgrounds and their regulations.
254,,274,gumo_information@nps.gov,""
255,,275,hosp_park_information@nps.gov,""
256,,277,chic_interpretation@nps.gov,""
257,,278,laro_web_master@nps.gov,"This is for general park information. For assistance with booking a campsite or issues with recreation.gov, call (877) 444-6777."
258,,279,glca_information@nps.gov,This email is the general information for Glen Canyon. We do not have direct contact with Lake Powell Resorts or their campgrounds. Contact Lake Powell Resorts at https://www.lakepowell.com/rv-camping/halls-crossing-rv-campground/ for questions or reservations. This campground is not operated by the National Park Service.
259,,280,sagu_information@nps.gov,""
260,,281,lamr_interpretation@nps.gov,""
261,,282,noca_information@nps.gov,""
262,,283,kaww_info@nps.gov,""
263,,284,kaww_info@nps.gov,""
264,,285,isro_parkinfo@nps.gov,""
265,,286,goga_info@nps.gov,""
266,,287,laro_web_master@nps.gov,"This is for general park information. For assistance with booking a campsite or issues with recreation.gov, call (877) 444-6777."
267,,288,isro_parkinfo@nps.gov,""
268,,289,goga_info@nps.gov,""
269,,290,flaggreservations@vailresorts.com,gtlc.com/camping/headwaters-campground-at-flagg-ranch
270,,291,olym_visitor_center@nps.gov,Olympic National Park Visitor Center
271,,292,cuis_info@nps.gov,For general campground inquiries contact Cumberland Island National Seashore. To make reservations or to inquire about availability contact Recreation.gov.
272,,293,jotr_info@nps.gov,""
273,,294,yose_web_manager@nps.gov,""
274,,295,olym_visitor_center@nps.gov,Olympic National Park Visitor Center
275,,296,moja_info@nps.gov,""
276,,297,Deva_Information@nps.gov,""
277,,298,whis_information@nps.gov,""
278,,299,asis_information@nps.gov,""
279,,300,choh_information@nps.gov,""
280,,301,info@hiddentreasurecharters.com,""
281,,302,CHOH_information@nps.gov,""
282,,304,MACA_Information@nps.gov,Mammoth Cave National Park visitor information email
283,,305,hoveinfo@nps.gov,""
284,,306,noca_information@nps.gov,""
285,,307,choh_information@nps.gov,""
286,,308,isro_parkinfo@nps.gov,""
287,,309,laro_web_master@nps.gov,"This is for general park information. For assistance with booking a campsite or issues with recreation.gov, call (877) 444-6777."
288,,310,laro_web_master@nps.gov,"This is for general park information. For assistance with booking a campsite or issues with recreation.gov, call (877) 444-6777."
289,,311,piro_information@nps.gov,""
290,,312,denali_info@nps.gov,""
291,,313,jotr_info@nps.gov,""
292,,314,YELL_Information@nps.gov,""
293,,315,choh_information@nps.gov,""
294,,316,LABE_Information@nps.gov,""
295,,317,CHOH_information@nps.gov,""
296,,318,isro_parkinfo@nps.gov,""
297,,319,choh_information@nps.gov,""
298,,320,isro_parkinfo@nps.gov,""
299,,321,canyinfo@nps.gov,""
300,,322,redw_information@nps.gov,"Reservations and questions about developed campgrounds are done through the ""Reserve California"" website and phone-line."
301,,323,natr_interpretation@nps.gov,"Call the Parkway Visitor Center at 1-800-305-7417. A Park Ranger is available to answer your questions 7 days a week during normal business hours. The visitor center is closed Thanksgiving, December 25th and January 1st."
302,,324,gtlcreservations@vailresorts.com,http://www.gtlc.com/camping/jenny-lake-campground
303,,325,ozar_campground_operations@nps.gov,Email us for questions about park campgrounds and their regulations.
304,,326,laro_web_master@nps.gov,"This is for general park information. For assistance with booking a campsite or issues with recreation.gov, call (877) 444-6777."
305,,327,CHOH_information@nps.gov,""
306,,328,blri_campgrounds@nps.gov,""
307,,329,jotr_info@nps.gov,""
308,,330,sagu_information@nps.gov,""
309,,331,thro_fees_reservations@nps.gov,Reservations cannot be made by email. All reservations must be made at www.recreation.gov
310,,332,BAND_Visitor_Center@nps.gov,""
311,,333,lavo_fees@nps.gov,Email address for general camping information.
312,,335,laro_web_master@nps.gov,"This is for general park information. For assistance with booking a campsite or issues with recreation.gov, call (877) 444-6777."
313,,336,kaww_info@nps.gov,""
314,,339,lra.reservations@guestservices.com,""
315,,340,lra.reservations@guestservices.com,""
316,,341,WRST_info@nps.gov,""
317,,342,laro_web_master@nps.gov,"This is for general park information. For assistance with booking a campsite or issues with recreation.gov, call (877) 444-6777."
318,,343,laro_web_master@nps.gov,"This is for general park information. For assistance with booking a campsite or issues with recreation.gov, call (877) 444-6777."
319,,344,CHOH_information@nps.gov,""
320,,345,glac_questions@nps.gov,This is the park's general contact line there is no direct phone number or email for Glacier's campgrounds.
321,,346,goga_info@nps.gov,""
322,,347,havo_information@nps.gov,""
323,,348,buff_information@nps.gov,""
324,,350,cure_info@nps.gov,""
325,,352,isro_parkinfo@nps.gov,""
326,,353,isro_parkinfo@nps.gov,""
327,,354,isro_parkinfo@nps.gov,""
328,,355,noca_information@nps.gov,""
329,,356,isro_parkinfo@nps.gov,""
330,,357,lake_information@nps.gov,""
331,,358,crmo_information@nps.gov,Craters of the Moon Information email box
332,,359,zion_park_information@nps.gov,General park questions can be emailed to zion_park_information@nps.gov.
333,,360,glca_information@nps.gov,This email is the general information email for the park. Lees Ferry Campground does not take reservations.
334,,361,CHOH_information@nps.gov,""
335,,362,YELL_Information@nps.gov,""
336,,363,shen_info@nps.gov,"We get a large number of e-mail inquiries, and e-mails are not answered on weekends. Please allow one week for a reply."
337,,364,choh_information@nps.gov,""
338,,365,blri_campgrounds@nps.gov,""
339,,366,piro_information@nps.gov,""
340,,367,choh_information@nps.gov,""
341,,368,isro_parkinfo@nps.gov,""
342,,369,info@signalmtnlodge.com,https://www.signalmountainlodge.com/signal-mountain-camping/lizard-creek-campground
343,,370,laro_web_master@nps.gov,"This is for general park information. For assistance with booking a campsite or issues with recreation.gov, call (877) 444-6777."
344,,371,SEKI_Information@nps.gov,""
345,,372,shen_info@nps.gov,"We get a large number of e-mail inquiries, and e-mails are not answered on weekends. Please allow one week for a reply."
346,,373,ozar_campground_operations@nps.gov,Email us for questions about park campgrounds and their regulations.
347,,374,glac_questions@nps.gov,"This is the park's general contact email, there is no direct email for the park's campgrounds."
348,,375,glca_information@nps.gov,This is the general information email for Glen Canyon. It is checked weekly. Lone Rock Beach is a primitive campground and does not take reservations.
349,,376,flamingoreservations@guestservices.com,""
350,,377,cong_information@nps.gov,""
351,,378,romo_information@nps.gov,""
352,,379,GRSM_Smokies_Information@nps.gov,""
353,,380,crla_information_requests@nps.gov,""
354,,381,lavo_fees@nps.gov,Email address for general camping information.
355,,382,noca_information@nps.gov,""
356,,383,grba_interpretation@nps.gov,""
357,,384,yose_web_manager@nps.gov,""
358,,385,gicl_information@nps.gov,""
359,,386,sacn_info@nps.gov,""
360,,387,PIRO_Information@nps.gov,""
361,,388,PIRO_Information@nps.gov,""
362,,389,kaww_info@nps.gov,""
363,,390,kaww_info@nps.gov,""
364,,391,reserve-ynp@xanterra.com,""
365,,392,deva_information@nps.gov,""
366,,393,pais_visitor_center@nps.gov,""
367,,394,isro_parkinfo@nps.gov,""
368,,395,YELL_Information@nps.gov,""
369,,396,MACA_Information@nps.gov,Mammoth Cave National Park visitor information
370,,397,sagu_information@nps.gov,""
371,,398,glac_questions@nps.gov,"GLAC_Questions@nps.gov

This is the park's general contact email. This is not an email for making campground reservations. There is no direct email for the park's campgrounds. 

You can make campground reservations on recreation.gov or by calling 1-877-444-6777."
372,,399,lavo_fees@nps.gov,Email address for general camping information
373,,400,MACA_Information@nps.gov,Mammoth Cave National Park visitor information email
374,,401,CHOH_information@nps.gov,""
375,,402,laro_web_master@nps.gov,"This is for general park information. For assistance with booking a campsite or issues with recreation.gov, call (877) 444-6777."
376,,404,choh_information@nps.gov,""
377,,405,PIRO_Information@nps.gov,""
378,,406,PIRO_Information@nps.gov,""
379,,407,grca_information@nps.gov,""
380,,408,shen_info@nps.gov,"We get a large number of e-mail inquiries, and e-mails are not answered on weekends. Please allow one week for a reply."
381,,409,frontdesk@explorecraterlake.com,"Use this email to connect with ExplorCraterLake regarding daily availability, site descriptions, and any questions or concerns that you have about your reservation. However use the phone number below or go to https://explorecraterlake.com/ to change, confirm or cancel your reservation."
382,,410,lamr_interpretation@nps.gov,""
383,,411,isro_parkinfo@nps.gov,""
384,,413,choh_information@nps.gov,""
385,,414,NERI_Interpretation@nps.gov,""
386,,415,grsa_interpretation@nps.gov,"Contact email for questions about the Medano Pass Primitive 
Road campsites"
387,,416,BICA_media@nps.gov,This is the email address for the Bighorn Canyon Visitor Center and will be answered during normal business hours.
388,,417,natr_interpretation@nps.gov,"It is best to call the Parkway Visitor Center at 1-800-305-7417. A Park Ranger is available to answer your questions 7 days a week during normal business hours. The visitor center is closed Thanksgiving, December 25th and January 1st."
389,,418,isro_parkinfo@nps.gov,""
390,,420,deva_information@nps.gov,""
391,,421,moja_info@nps.gov,""
392,,422,sacn_info@nps.gov,""
393,,423,bicy_information@nps.gov,""
394,,424,redw_information@nps.gov,"Campground reservations and questions are handled by the ""Reserve California"" website and phone-line."
395,,425,bicy_information@nps.gov,""
396,,426,amclodging@outdoors.org,""
397,,427,bicy_information@nps.gov,""
398,,428,olym_visitor_center@nps.gov,Olympic National Park Visitor Center
399,,429,SEKI_Interpretation@nps.gov,""
400,,430,romo_information@nps.gov,""
401,,431,MesaVerde-CustomerService@Aramark.com,"General email address for Aramark facilities, including Morefield Campground. You can also email them at https://www.visitmesaverde.com/contact-us/."
402,,432,isro_parkinfo@nps.gov,""
403,,433,PIRO_Information@nps.gov,""
404,,434,PIRO_Information@nps.gov,""
405,,435,blri_campgrounds@nps.gov,""
406,,437,sacn_info@nps.gov,General park information email address.
407,,438,nabrinfo@nps.gov,""
408,,439,Guis_Information@nps.gov,""
409,,440,noca_information@nps.gov,""
410,,441,YELL_Information@nps.gov,""
411,,442,brca_information@nps.gov,""
412,,443,calo_VC@nps.gov,""
413,,444,isro_parkinfo@nps.gov,""
414,,445,olym_visitor_center@nps.gov,Olympic National Park Visitor Center
415,,446,laro_web_master@nps.gov,"This is for general park information. For assistance with booking a campsite or issues with recreation.gov, call (877) 444-6777."
416,,447,CHOH_information@nps.gov,""
417,,448,yose_web_manager@nps.gov,""
418,,449,blca_info@nps.gov,""
419,,450,reservations@hawaiivolcanohouse.com,""
420,,451,prwi_info@nps.gov,""
421,,452,asis_information@nps.gov,""
422,,453,asis_information@nps.gov,""
423,,454,asis_information@nps.gov,""
424,,455,caha_public_affairs@nps.gov,""
425,,456,morainfo@nps.gov,""
426,,457,choh_information@nps.gov,""
427,,458,caha_public_affairs@nps.gov,""
428,,459,blri_campgrounds@nps.gov,""
429,,460,cato_campmanager@nps.gov,Email for information and questions: cato_campmanager@nps.gov
430,,461,buff_information@nps.gov,""
431,,462,olym_visitor_center@nps.gov,Olympic National Park Visitor Center
432,,464,choh_information@nps.gov,""
433,,465,blri_campgrounds@nps.gov,""
434,,466,YELL_Information@nps.gov,""
435,,467,whis_information@nps.gov,""
436,,468,isro_parkinfo@nps.gov,""
437,,469,choh_information@nps.gov,""
438,,470,PIRO_Information@nps.gov,""
439,,471,gumo_information@nps.gov,""
440,,473,bicy_information@nps.gov,""
441,,474,bicy_information@nps.gov,""
442,,476,grsa_interpretation@nps.gov,"Use this email for questions about the campground. To make or change reservations, you must contact recreation.gov ."
443,,477,sleepingbearinfo@nps.gov,""
444,,478,klgo_information@nps.gov,""
445,,479,lamr_interpretation@nps.gov,""
446,,480,CedarBreaksInfo@nps.gov,""
447,,481,kaww_info@nps.gov,""
448,,482,cure_info@nps.gov,""
449,,483,band_visitor_center@nps.gov,""
450,,484,cato_campmanager@nps.gov,Email for information and questions: cato_campmanager@nps.gov
451,,485,sleepingbearinfo@nps.gov,""
452,,486,laro_web_master@nps.gov,"This is for general park information. For assistance with booking a campsite or issues with recreation.gov, call (877) 444-6777."
453,,487,yose_web_manager@nps.gov,""
454,,488,PIRO_Information@nps.gov,""
455,,489,choh_information@nps.gov,""
456,,490,SEKI_Information@nps.gov,""
457,,491,ozar_campground_operations@nps.gov,Email us for questions about park campgrounds and their regulations.
458,,495,johnklein@racpack.com,Campground manager
459,,496,ozar_campground_operations@nps.gov,""
460,,497,noca_information@nps.gov,""
461,,498,choh_information@nps.gov,""
462,,499,glac_questions@nps.gov,This is the park's general contact email. There is no direct email for the park's campgrounds.
463,,501,dino_information@nps.gov,Main Monument Email
464,,502,cure_info@nps.gov,""
465,,503,denali_info@nps.gov,""
466,,504,BIBE_info@nps.gov,""
467,,506,glac_questions@nps.gov,This is the park's general contact email. There is no direct email for the park's campgrounds.
468,,508,dewa_campground@nps.gov,Email is monitored Monday through Friday 08:00 am to 4:00 pm
469,,510,obri_information@nps.gov,""
470,,511,chic_interpretation@nps.gov,""
471,,512,isro_parkinfo@nps.gov,""
472,,513,AMIS_Interpretation@nps.gov,Park information desk.
473,,514,blri_campgrounds@nps.gov,""
474,,515,natr_interpretation@nps.gov,"Call the Parkway Visitor Center at 1-800-305-7417. A Park Ranger is available to answer your questions 7 days a week during normal business hours. The visitor center is closed Thanksgiving, December 25th and January 1st."
475,,516,lamr_interpretation@nps.gov,""
476,,517,AMIS_Interpretation@nps.gov,""
477,,518,ozar_campground_operations@nps.gov,Email us for questions about park campgrounds and their regulations.
478,,519,thro_fees_reservations@nps.gov,""
479,,520,buff_information@nps.gov,""
480,,521,jotr_info@nps.gov,""
481,,522,ozar_campground_operations@nps.gov,Email us for questions about park campgrounds and their regulations.
482,,523,colm_info@nps.gov,""
483,,524,badl_information@nps.gov,""
484,,525,Deva_Information@nps.gov,""
485,,526,chis_information@nps.gov,""
486,,527,AMIS_Interpretation@nps.gov,""
487,,528,denali_info@nps.gov,""
488,,529,kaww_info@nps.gov,""
489,,532,chis_information@nps.gov,""
490,,533,chis_information@nps.gov,""
491,,534,chis_information@nps.gov,""
492,,535,chis_information@nps.gov,""
493,,536,chis_information@nps.gov,""
494,,537,denali_info@nps.gov,""
495,,538,acadia_information@nps.gov,""
496,,539,cuis_info@nps.gov,For general campground inquiries contact Cumberland Island National Seashore. To make reservations or to inquire about availability contact Recreation.gov.
497,,540,acadia_information@nps.gov,""
498,,541,SEKI_Interpretation@nps.gov,""
499,,542,PIRO_Information@nps.gov,""
500,,543,PIRO_Information@nps.gov,""
501,,544,ozar_campground_operations@nps.gov,Email us for questions about park campgrounds and their regulations.
502,,545,klgo_information@nps.gov,""
503,,546,whis_information@nps.gov,""
504,,547,SEKI_Interpretation@nps.gov,""
505,,548,jotr_info@nps.gov,""
506,,550,info@signalmtnlodge.com,https://www.signalmountainlodge.com/signal-mountain-camping/signal-mountain-campground
507,,551,ozar_campground_operations@nps.gov,Email us for questions about park campgrounds and their regulations.
508,,552,isro_parkinfo@nps.gov,""
509,,553,pore_info@nps.gov,"Please browse through our website (the Plan Your Visit section, especially the Backcountry Camping page, is very useful) and check out the Frequently Asked Questions before submitting your message. We receive a lot of emails requesting information that is available through our website. 

We will respond to emails in the order they are received as soon as possible. Due to the high volume of email, response to your message may take more than a week. Please ensure that the email address you provide is correct."
510,,554,YELL_Information@nps.gov,""
511,,555,GRSM_Smokies_Information@nps.gov,""
512,,556,GRSM_Smokies_Information@nps.gov,""
513,,557,ciro_superintendent@nps.gov,""
514,,558,laro_web_master@nps.gov,"This is for general park information. For assistance with booking a campsite or issues with recreation.gov, call (877) 444-6777."
515,,559,grba_interpretation@nps.gov,""
516,,560,choh_information@nps.gov,""
517,,562,zion_south_campground@nps.gov,General park questions may be emailed to zion_park_information@nps.gov.
518,,563,calo_vc@nps.gov,General email for park information.
519,,564,SEKI_Information@nps.gov,""
520,,565,isro_parkinfo@nps.gov,""
521,,566,buff_information@nps.gov,""
522,,567,blca_info@nps.gov,"This is the park's general information request email -- it does not go directly to the campground, and is only checked a few times per week."
523,,568,lavo_fees@nps.gov,Email address for general camping information.
524,,569,lavo_fees@nps.gov,"Email address for questions related to park fees, campgrounds, and camping."
525,,570,dino_information@nps.gov,Main Monument Email
526,,571,glac_questions@nps.gov,"This is the park's general contact email. This is not an email for making campground reservations. There is no direct email for the park's campgrounds. 

You can make campground reservations on recreation.gov or by calling 1-877-444-6777."
527,,572,laro_web_master@nps.gov,"This is for general park information. For assistance with booking a campsite or issues with recreation.gov, call (877) 444-6777."
528,,573,laro_web_master@nps.gov,"This is for general park information. For assistance with booking a campsite or issues with recreation.gov, call (877) 444-6777."
529,,574,buff_infomation@nps.gov,""
530,,575,choh_information@nps.gov,""
531,,576,sagu_information@nps.gov,""
532,,577,AMIS_Interpretation@gmail.com,""
533,,578,GLAC_Questions@nps.gov,"GLAC_Questions@nps.gov

This is the park's general contact email. This is not an email for making campground reservations. There is no direct email for the park's campgrounds. 

You can make campground reservations on recreation.gov or by calling 1-877-444-6777."
534,,579,cuis_info@nps.gov,For general campground inquiries contact Cumberland Island National Seashore. To make reservations or to inquire about availability contact Recreation.gov.
535,,580,kaww_info@nps.gov,""
536,,582,glca_information@nps.gov,This email is the general information email for the park. These primitive sites do not have facilities. They do not take reservations.
537,,583,biso_information@nps.gov,This email address is the main mailbox for the Big South Fork National River and Recreation Area. Someone will forward your email to the right person to answer any questions or concerns you may  have.
538,,584,buff_information@nps.gov,""
539,,585,cure_info@nps.gov,""
540,,586,choh_information@nps.gov,""
541,,587,neri_interpretation@nps.gov,""
542,,588,deva_information@nps.gov,""
543,,589,lavo_fees@nps.gov,Email address for general camping information.
544,,590,lavo_fees@nps.gov,Email address for general camping information.
545,,591,SEKI_Information@nps.gov,""
546,,592,brca_information@nps.gov,""
547,,593,deva_info@nps.gov,""
548,,595,CHOH_information@nps.gov,""
549,,596,yose_web_manager@nps.gov,""
550,,598,denali_info@nps.gov,""
551,,599,lake_information@nps.gov,""
552,,601,deva_information@nps.gov,""
553,,602,neri_interpretation@nps.gov,""
554,,603,coloniesrvfortmonroe@gmail.com,""
555,,604,canyinfo@nps.gov,""
556,,606,chic_interpretation@nps.gov,""
557,,607,deva_information@nps.gov,""
558,,608,isro_parkinfo@nps.gov,""
559,,609,romo_information@nps.gov,""
560,,610,isro_parkinfo@nps.gov,""
561,,611,pore_info@nps.gov,"Please browse through our website (the Plan Your Visit section, especially the Boat-in Camping page, is very useful) and check out the Frequently Asked Questions before submitting your message. We receive a lot of emails requesting information that is available through our website. 

We will respond to emails in the order they are received as soon as possible. Due to the high volume of email, response to your message may take more than a week. Please ensure that the email address you provide is correct."
562,,612,isro_parkinfo@nps.gov,""
563,,613,YELL_Information@nps.gov,""
564,,614,choh_information@nps.gov,""
565,,615,info@delawarenorth.com,""
566,,616,PIRO_Information@nps.gov,""
567,,617,PIRO_Information@nps.gov,""
568,,618,yose_web_manager@nps.gov,""
569,,619,yose_web_manager@nps.gov,""
570,,620,prwi_info@nps.gov,""
571,,621,CHOH_information@nps.gov,""
572,,622,piro_information@nps.gov,""
573,,623,orpi_information@nps.gov,""
574,,624,glac_questions@nps.gov,"GLAC_Questions@nps.gov

This is the park's general contact email. This is not an email for making campground reservations. There is no direct email for the park's campgrounds.  You can make campground reservations on recreation.gov or by calling 1-877-444-6777."
575,,625,ozar_campground_operations@nps.gov,""
576,,626,buff_information@nps.gov,""
577,,627,kaww_info@nps.gov,""
578,,628,grba_interpretation@nps.gov,""
579,,629,yose_web_manager@nps.gov,""
580,,630,gicl_information@nps.gov,""
581,,631,dewa_campground@nps.gov,""
582,,632,sleepingbearinfo@nps.gov,""
583,,633,glca_information@nps.gov,This email is the general information for Glen Canyon. We do not have direct contact with Lake Powell Resorts or their campgrounds. Contact Lake Powell Resorts at https://www.lakepowell.com/rv-camping/wahweap-rv-campground/ with any questions. This campground is not operated by the National Park Service.
584,,634,neri_interpretation@nps.gov,""
585,,635,lavo_fees@nps.gov,Email address for general camping information.
586,,636,isro_parkinfo@nps.gov,""
587,,637,kaww_info@nps.gov,""
588,,638,kaww_info@nps.gov,""
589,,639,fiis_information@nps.gov,""
590,,640,zion_watchman_campground@nps.gov,General park questions may be emailed to zion_park_information@nps.gov.
591,,641,yose_web_manager@nps.gov,""
592,,642,yose_web_manager@nps.gov,""
593,,643,sleepingbearinfo@nps.gov,""
594,,644,isro_parkinfo@nps.gov,""
595,,645,grba_interpretation@nps.gov,""
596,,646,sleepingbearinfo@nps.gov,""
597,,647,morainfo@nps.gov,""
598,,648,CHOH_information@nps.gov,""
599,,649,jotr_info@nps.gov,""
600,,650,yose_web_manager@nps.gov,""
601,,651,pore_info@nps.gov,"Please browse through our website (the Plan Your Visit section, especially the Backcountry Camping page, is very useful) and check out the Frequently Asked Questions before submitting your message. We receive a lot of emails requesting information that is available through our website. 

We will respond to emails in the order they are received as soon as possible. Due to the high volume of email, response to your message may take more than a week. Please ensure that the email address you provide is correct."
602,,652,hale_interpretation@nps.gov,""
603,,654,cuga_interpretation@nps.gov,""
604,,655,hale_interpretation@nps.gov,""
605,,656,deva_information@nps.gov,""
606,,659,denali_info@nps.gov,""
607,,660,isro_parkinfo@nps.gov,""
608,,661,buff_information@nps.gov,""
609,,663,cuis_info@nps.gov,For general campground inquiries contact Cumberland Island National Seashore. To make reservations or to inquire about availability contact Recreation.gov.
610,,664,yose_web_manager@nps.gov,""
611,1,,ABLI_Administration@nps.gov,""
612,2,,acadia_information@nps.gov,""
613,3,,ADAM_Visitor_Center@nps.gov,""
614,4,,national_mall@nps.gov,""
615,5,,african_burial_ground@nps.gov,""
616,6,,agfo_ranger_activities@nps.gov,""
617,7,,aric_arakaki@nps.gov,""
618,8,,KATM_Visitor_Information@nps.gov,""
619,9,,anch_web_mail@nps.gov,"ANCHORAGE LOCATION = anch_web_mail@nps.gov

FAIRBANKS  LOCATION = fair_interpretation@nps.gov"
620,10,,goga_alca_socialmedia@nps.gov,""
621,11,,anch_web_mail@nps.gov,""
622,12,,lamr_interpretation@nps.gov,""
623,13,,alpo_interpretation@nps.gov,""
624,14,,Amache_visitor_information@nps.gov,Park Information
625,15,,brooke_nevitt@nps.gov,""
626,16,,amis_interpretation@nps.gov,""
627,17,,anac_visitorservices@nps.gov,""
628,18,,ande_information@nps.gov,""
629,19,,anjo_information@nps.gov,General park information email
630,20,,KATM_Visitor_Information@nps.gov,""
631,21,,anti_info@nps.gov,""
632,22,,apis_information@nps.gov,""
633,23,,0@0,""
634,24,,APCO_SocialMedia@nps.gov,""
635,25,,archinfo@nps.gov,""
636,26,,arpo_information@nps.gov,""
637,27,,gwmp_superintendent@nps.gov,""
638,28,,asis_information@nps.gov,""
639,29,,azru_information@nps.gov,""
640,30,,badl_information@nps.gov,""
641,31,,nace_superintendent@nps.gov,""
642,32,,band_visitor_center@nps.gov,General park email for any questions about monument operations.
643,33,,bepa_info@nps.gov,General vistor inquiries
644,34,,beol_interpretation@nps.gov,""
645,35,,bela_information@nps.gov,""
646,36,,bibe_info@nps.gov,""
647,37,,bicy_information@nps.gov,""
648,38,,biho_visitor_information@nps.gov,""
649,39,,biso_information@nps.gov,""
650,40,,bith_information@nps.gov,We usually reply to emails within one week.
651,41,,BICA_media@nps.gov,""
652,42,,bicr_information@nps.gov,Birmingham Civil Rights National Monument Informational Inbox
653,43,,bisc_information@nps.gov,If you can't find what you are looking for on the park website then e-mail us at bisc_information@nps.gov.
654,44,,blca_info@nps.gov,"We will try to respond to your inquiry within one week. Answers to most questions can be found on this website, particularly under the Plan Your Visit menu (above)."
655,45,,allison_horrocks@nps.gov,""
656,46,,Blackwell_school_visitor_information@nps.gov,""
657,47,,blri_info@nps.gov,""
658,48,,neri_interpretation@nps.gov,""
659,49,,bowa_rangers_3@nps.gov,""
660,50,,boaf_mail@nps.gov,Please use this email for general inquiries.
661,51,,BOHA_Information@nps.gov,""
662,52,,bost_rangers@nps.gov,""
663,53,,natr_interpretation@nps.gov,"For a quicker response please call the Parkway Visitor Center at 1-800-305-7417. A park ranger is available 7 days a week during business hours to answer your questions about the park. The visitor center is closed Thanksgiving, December 25th and January 1st."
664,54,,BRVB_Special_Events@nps.gov,""
665,55,,brca_information@nps.gov,""
666,56,,CHRI_Education@nps.gov,""
667,57,,buff_information@nps.gov,""
668,58,,ntir_information@nps.gov,""
669,59,,cabr_info@nps.gov,""
670,60,,ntir_information@nps.gov,""
671,61,,cane_info@nps.gov,""
672,62,,cana_interpretation@nps.gov,""
673,63,,cari_interp@nps.gov,""
674,64,,cach_interpretation@nps.gov,""
675,65,,canyinfo@nps.gov,We check this email inbox at least once a week. We will respond to your email as soon as we can.
676,66,,caco_information@nps.gov,""
677,67,,caha_public_affairs@nps.gov,""
678,68,,colo_info@nps.gov,""
679,69,,wear_webmail@nps.gov,""
680,70,,CALO_VC@nps.gov,""
681,71,,nace_superintendent@nps.gov,""
682,72,,care_information@nps.gov,""
683,73,,cajo_info@nps.gov,""
684,74,,cavo_interpretation@nps.gov,General mailbox of the Capulin Volcano National Monument Interpretation and Visitor Services staff.
685,75,,carl_administration@nps.gov,""
686,76,,cibs_superintendent@nps.gov,We encourage visitors to read all the information available on the Carlisle Barracks Visitor Center webpage prior to arrival.
687,77,,cave_park_information@nps.gov,""
688,78,,cawo_visitorservices@nps.gov,""
689,79,,cagr_ranger_activities@nps.gov,General park information and specific questions will be received at this email address and answered by appropriate park staff.
690,80,,casa_ranger_activities@nps.gov,""
691,81,,cacl_info@nps.gov,""
692,82,,MOJA_Superintendent@nps.gov,""
693,83,,CATO_superintendent@nps.gov,""
694,84,,cedarbreaksinfo@nps.gov,""
695,85,,cebe_information@nps.gov,""
696,86,,chcu_information@nps.gov,""
697,87,,cham_information@nps.gov,""
698,88,,chis_information@nps.gov,""
699,89,,chpi_information@nps.gov,""
700,90,,chyo_info@nps.gov,Park information email.
701,91,,chat_superintendent@nps.gov,Use this email address to contact the park. Once received your email will be directed to the appropriate person to assist you. If you should know the email address of the person you wish to contact please use it.
702,92,,CHOH_Information@nps.gov,Chesapeake & Ohio Canal General Email Inbox
703,93,,chesapeake_info@nps.gov,""
704,94,,chch_information@nps.gov,""
705,95,,CHIC_Interpretation@nps.gov,""
706,96,,chir_info@nps.gov,We are unable to mail paper copies of maps and junior ranger booklets. We encourage you to use our website for all your information needs. We can email booklets and information as needed.
707,97,,CHRI_Webmail@nps.gov,""
708,98,,ciro_superintendent@nps.gov,""
709,99,,rocr_superintendent@nps.gov,"Your email will be sent to the administrative offices of Rock Creek Park, one of the three national parks that manage the Civil War Defenses of Washington."
710,100,,gwmp_clara_barton_nhs@nps.gov,""
711,101,,COLO_Info@nps.gov,""
712,102,,colm_info@nps.gov,""
713,103,,colt@nps.gov,General park information and requests.
714,104,,cong_information@nps.gov,""
715,105,,national_mall@nps.gov,""
716,106,,coro_interpretation@nps.gov,""
717,107,,COWP_information@nps.gov,""
718,108,,craterlake@nps.gov,""
719,109,,crmo_information@nps.gov,""
720,110,,cuga_interpretation@nps.gov,""
721,111,,cuis_info@nps.gov,""
722,112,,cure_info@nps.gov,""
723,113,,cuva_info@nps.gov,Email address for general inquiries: cuva_info@nps.gov
724,114,,cech_education@nps.gov,""
725,115,,daav_info@nps.gov,""
726,116,,deso_interpretive_staff@nps.gov,""
727,117,,deva_information@nps.gov,""
728,118,,dewa_interpretation@nps.gov,Please use this email address for any park related questions. We will forward your information to the appropriate park representative that can answer your questions or address your concerns. We look forward to hearing from you.
729,119,,denali_info@nps.gov,""
730,120,,depo_visitor_information@nps.gov,""
731,121,,deto_interpretation@nps.gov,Contact us for mailing requests and questions about the park.
732,122,,dino_information@nps.gov,Main monument email for information
733,123,,drto_information@nps.gov,""
734,124,,national_mall@nps.gov,Email for all National Mall and Memorial Parks sites.
735,125,,clifford_deloreon@nps.gov,""
736,126,,indevisitorinfo@nps.gov,""
737,127,,efmo_interpretation@nps.gov,""
738,128,,gett_superintendent@nps.gov,""
739,129,,ntir_information@nps.gov,""
740,130,,ntir_information@nps.gov,""
741,131,,elma_social_media@nps.gov,""
742,132,,wendy_gordge@nps.gov,""
743,133,,kevin_oldenburg@nps.gov,""
744,134,,stli_info@nps.gov,""
745,135,,till_info@nps.gov,""
746,136,,euon_general_info@nps.gov,""
747,137,,ever_information@nps.gov,""
748,138,,feha_info@nps.gov,""
749,139,,FIIS_Information@nps.gov,""
750,140,,FILA_info@nps.gov,""
751,141,,firststate@nps.gov,We appreciate your patience as we are receiving an increase in inquiries and will respond as quickly as we can.
752,142,,flni_superintendent@nps.gov,""
753,143,,flfo_information@nps.gov,""
754,144,,fords_theatre@nps.gov,""
755,145,,chir_info@nps.gov,"We are unable to mail physical maps, junior ranger booklets, badges, and pins. We encourage you to use our website for all your needs."
756,146,,FODA_Superintendent@nps.gov,""
757,147,,fodo_administration@nps.gov,""
758,148,,keaq_visitorservices@nps.gov,""
759,149,,fowa_visitorservices@nps.gov,""
760,150,,fofr_visitor_information@nps.gov,""
761,151,,FOLA_Visitor_Information@nps.gov,""
762,152,,fols_internet@nps.gov,"This e-mail address is monitored during park operating hours by a member of the ranger division. Most messages will be answered within 24 hours. Inquiries directed to facilities and maintenance staff may take additional time to receive a response, especially on weekends."
763,153,,CASA_Ranger_Activities@nps.gov,""
764,154,,FOMC_Interpretation@nps.gov,""
765,155,,fomr_interpretation@nps.gov,""
766,156,,fone_interpretation@nps.gov,""
767,157,,goga_fopo_socialmedia@nps.gov,""
768,158,,fopu_information@nps.gov,""
769,159,,caha_public_affairs@nps.gov,""
770,160,,fosc_interpretation@nps.gov,""
771,161,,fosm_parkinfo@nps.gov,""
772,162,,fost_info@nps.gov,""
773,163,,fosu_information@nps.gov,""
774,164,,foun_information@nps.gov,""
775,165,,fous_socialmedia@nps.gov,""
776,166,,fova_information@nps.gov,""
777,167,,fowa_visitorservices@nps.gov,""
778,168,,fobu_information@nps.gov,""
779,169,,FRPE_superintendent@nps.gov,""
780,170,,national_mall@nps.gov,""
781,171,,frdo_visitorservices@nps.gov,""
782,172,,frla_interpretation@nps.gov,""
783,173,,FRSP_Info@nps.gov,""
784,174,,frri_information@nps.gov,""
785,175,,frhi_interpretation@nps.gov,""
786,176,,fair_information@nps.gov,""
787,177,,jeff_superintendent@nps.gov,""
788,178,,daphne_yun@nps.gov,""
789,179,,neri_interpretation@nps.gov,""
790,180,,gegr_info@nps.gov,Contact us here for any park inquiries
791,181,,GERO_Ranger_Activities@nps.gov,Contact park Staff
792,182,,gewa_thst_information@nps.gov,""
793,183,,gwca_interpretation@nps.gov,""
794,184,,gwmp_superintendent@nps.gov,""
795,185,,GETT_Superintendent@nps.gov,""
796,186,,gicl_information@nps.gov,""
797,187,,glba_administration@nps.gov,""
798,188,,glac_questions@nps.gov,""
799,189,,glca_information@nps.gov,"Glen Canyon Information.
This inbox is checked weekly."
800,190,,gwmp_glen_echo@nps.gov,""
801,191,,indevisitorinfo@nps.gov,""
802,192,,goga_socialmedia_goga@nps.gov,""
803,193,,gosp_interpretation@nps.gov,""
804,194,,GOIS_information@nps.gov,""
805,195,,grca_information@nps.gov,"This email is checked frequently, and individual questions or concerns are directed to park management, or to the employee who is best able to reply."
806,196,,para_interpretation@nps.gov,General questions
807,197,,grpo_information@nps.gov,""
808,198,,grte_info@nps.gov,""
809,199,,grko_interpretation@nps.gov,""
810,200,,grba_interpretation@nps.gov,""
811,201,,lambert_nicole@aclink.org,"Links to Atlantic County Parks Program Coordinator Lambert Nicole (not an NPS employee). They send out brochures, etc."
812,202,,gwmp_superintendent@nps.gov,GWMP Superintendent
813,203,,grsa_interpretation@nps.gov,Email a ranger to get your questions answered.
814,204,,GRSM_Smokies_Information@nps.gov,"Our information email inbox is monitored but receives a high volume of inquiries.

Each message is read but it may take several weeks to receive an answer and we may not respond to every email. We greatly appreciate your patience and understanding."
815,205,,NPS_NHL_NEReview@nps.gov,"National Park Service, Region 1, National Historic Landmarks Team"
816,206,,gree_visitorservices@nps.gov,""
817,207,,gumo_information@nps.gov,Please note that most questions can be answered via the park website or on the NPS App.
818,208,,guco_administration@nps.gov,This email is the basic contact that will then be routed by the Administration to the appropriate staff member.
819,209,,guis_information@nps.gov,""
820,210,,hafo_information@nps.gov,""
821,211,,hale_interpretation@nps.gov,""
822,212,,HAGR_info@nps.gov,generic email box for HAGR.
823,213,,HAMP_Interpretation@nps.gov,""
824,214,,haha_visitorservices@nps.gov,""
825,215,,harpersferry_info@nps.gov,""
826,216,,hart_information@nps.gov,""
827,217,,hatu_information@nps.gov,""
828,218,,Kathryn_Boysen@nps.gov,"Please note this email address is not monitored on weekends and holidays.

Emails may need a week or so for us to be able to respond to you; but we will do the best we can!"
829,219,,havo_information@nps.gov,""
830,220,,heho_information@nps.gov,""
831,221,,colo_info@nps.gov,""
832,222,,NER_ROVA_VisitorServices@nps.gov,""
833,223,,home_information@nps.gov,General mailbox for the public to contact the park.
834,224,,hono_superintendent@nps.gov,""
835,225,,hocu_info@nps.gov,Email for general park information.
836,226,,hofu_superintendent@nps.gov,""
837,227,,HOBE_Information@nps.gov,""
838,228,,hosp_park_information@nps.gov,""
839,229,,hoveinfo@nps.gov,""
840,230,,HUTR_ranger_activities@nps.gov,""
841,231,,iafl_program_manager@nps.gov,""
842,232,,iatr_administration@nps.gov,""
843,233,,indevisitorinfo@nps.gov,""
844,234,,indu_communications@nps.gov,""
845,235,,isro_parkinfo@nps.gov,""
846,236,,jacob_martin@nps.gov,""
847,237,,jaga_interpretation@nps.gov,""
848,238,,jela_interpretation@nps.gov,""
849,239,,jeca_information@nps.gov,"This email address connects online guests with staff at the visitor center. Every effort is made to respond to common questions and requests for information within 48 hours. However, some questions or requests for assistance may require input from other staff. In these instances, requests will be forwarded to the appropriate individual for a direct response."
850,240,,jica_information@nps.gov,The main email contact for the Jimmy Carter National Historical Park.
851,241,,joda_interpretation@nps.gov,""
852,242,,jason_atsales@nps.gov,""
853,243,,jomu_general_info@nps.gov,""
854,244,,jofl_interpretation@nps.gov,""
855,245,,jotr_info@nps.gov,""
856,246,,juba_info@nps.gov,""
857,247,,kala_superintendent@nps.gov,""
858,248,,kaho_info@nps.gov,NPS PWR KAHO INFO
859,249,,kaww_info@nps.gov,""
860,250,,KATM_Visitor_Information@nps.gov,""
861,251,,kefjinformation@nps.gov,""
862,252,,keaq_visitorservices@nps.gov,""
863,253,,kemo_administration@nps.gov,""
864,254,,kewe_information@nps.gov,""
865,255,,KIMO_Information@nps.gov,""
866,256,,klse_ranger_activities@nps.gov,""
867,257,,klgo_information@nps.gov,""
868,258,,KNRI_Information@nps.gov,""
869,259,,wear_webmail@nps.gov,""
870,260,,national_mall@nps.gov,""
871,261,,gwmp_superintendent@nps.gov,""
872,262,,lacl_visitor_information@nps.gov,""
873,263,,LAKE_information@nps.gov,"For Jr. Ranger badge/patch requests, we do not mail these. At this time the program requires completion of an activity book that is done in person at either the visitor center or at headquarters. 

Staff is available to respond to public emails usually within a week. If your business is urgent, please call the park directly."
874,264,,lamr_interpretation@nps.gov,""
875,265,,laro_web_master@nps.gov,Our rangers will get back to you as soon as possible with any questions or comments.
876,266,,lavo_information@nps.gov,""
877,267,,LABE_Information@nps.gov,"If you have a question or need some information sent to you, please drop us a line. We will get the information out as fast as we can."
878,268,,lecl_information@nps.gov,""
879,269,,LEWI_information@nps.gov,""
880,270,,LIBO_superintendent@nps.gov,""
881,271,,liho_information@nps.gov,""
882,272,,national_mall@nps.gov,""
883,273,,LIBI_information@nps.gov,""
884,274,,liri_information@nps.gov,General information contact email address for Little River Canyon National Preserve.
885,275,,chsc_info@nps.gov,"Email the park at this address for questions, directions, programming, or other general information. To reserve a guided tour, please call the park during business hours (9:00 a.m. to 5:00 p.m. CST/CDT, daily)."
886,276,,long_info@nps.gov,""
887,277,,LOWE_Public_Information@nps.gov,""
888,278,,sarah_bursky@nps.gov,""
889,279,,lestm@tenement.org,""
890,280,,lyjo_information@nps.gov,""
891,281,,Benjamin_Anderson@nps.gov,""
892,282,,acadia_information@nps.gov,""
893,283,,maca_information@nps.gov,Primary email contact for Mammoth Cave National Park visitor information
894,284,,manassas_battlefield@nps.gov,""
895,285,,mapr_information@nps.gov,""
896,286,,manz_information_request@nps.gov,Can't find what you're looking for on our website? Email us with general information requests.
897,287,,mabi_visitorservices@nps.gov,""
898,288,,national_mall@nps.gov,""
899,289,,MALU_Information@nps.gov,""
900,290,,mava_info@nps.gov,""
901,291,,mamc_visitorservices@nps.gov,""
902,292,,memy_admininstration@nps.gov,""
903,293,,meve_general_information@nps.gov,""
904,294,,misp_information@nps.gov,""
905,295,,Miin_information@nps.gov,""
906,296,,mima_info@nps.gov,""
907,297,,mimi_information@nps.gov,""
908,298,,miss_info@nps.gov,This is the e-mail address for all Park-related questions. This account is checked daily with responses sent out within two days.
909,299,,mnrr_visitorinfo@nps.gov,""
910,300,,moja_info@nps.gov,""
911,301,,mono_mail@nps.gov,""
912,302,,moca_tuzi_info@nps.gov,""
913,303,,mocr_information@nps.gov,Get all your information needs here by sending a message to this Email.
914,304,,ntir_information@nps.gov,""
915,305,,morr_interpretation@nps.gov,""
916,306,,morainfo@nps.gov,""
917,307,,moru_information@nps.gov,Park information.  Due to the volume of inquiries there may be a delay in getting a response.
918,308,,goga_muwo_socialmedia@nps.gov,""
919,309,,natc_superintendent@nps.gov,Park Information
920,310,,natr_interpretation@nps.gov,"It is best to call the Natchez Trace Parkway Visitor Center at 1-800-305-7417. The visitor center is open 7 days a week during normal business hours. The visitor center is closed Thanksgiving, December 25th and January 1st."
921,311,,natr_interpretation@nps.gov,For the quickest response please call the Parkway Visitor Center at 1-662-680-4027 during normal business hours
922,312,,nace_superintendent@nps.gov,""
923,313,,national_mall@nps.gov,""
924,314,,npsa_info@nps.gov,""
925,315,,Suzanne_McCarthy@nps.gov,""
926,316,,nabrinfo@nps.gov,""
927,317,,justin_yazzie@nps.gov,""
928,318,,nebe_info@nps.gov,"For general inquiries about the park, events, programs, and visitor information, you can reach the New Bedford Whaling National Historical Park by emailing us at nebe_info@nps.gov. Whether you have questions about our hours, directions, tours, or need assistance planning your visit, we're here to help! Our team will get back to you as soon as possible to ensure your experience at the park is enjoyable and memorable."
929,319,,net@nps.gov,"For information regarding the NET in Massachusetts, contact Miriam Maistelman at mmaistelman@outdoors.org.

For information regarding the NET in Connecticut, contact Clare Cain at ccain@ctwoodlands.org"
930,320,,ner_external_affairs@nps.gov,""
931,321,,jazz_interpretation@nps.gov,Email is generally answered within 48 hours.
932,322,,NEPH_Information@nps.gov,""
933,323,,neri_interpretation@nps.gov,""
934,324,,nepe_superintendent@nps.gov,""
935,325,,Nicodemus_Info@nps.gov,""
936,326,,NISI_Information@nps.gov,""
937,327,,niobrara_nsr@nps.gov,""
938,328,,wear_webmail@nps.gov,""
939,329,,noca_information@nps.gov,""
940,330,,NOCO_Administration@nps.gov,""
941,331,,obri_information@nps.gov,""
942,332,,ocmu_administration@nps.gov,""
943,333,,OKCI_superintendent@nps.gov,""
944,334,,ntir_information@nps.gov,""
945,335,,olym_visitor_center@nps.gov,""
946,336,,orca_information@nps.gov,""
947,337,,ntir_information@nps.gov,"National Trails Office - Regions 6, 7, 8"
948,338,,orpi_information@nps.gov,""
949,339,,OVVI_Information@nps.gov,""
950,340,,oxhi_visitorservices@nps.gov,""
951,341,,ozar_interpretation@nps.gov,This email will be received by our interpretation team.
952,342,,pais_visitor_center@nps.gov,This is the primary park e-mail address for visitors to ask questions and get information about the park.
953,343,,paal_visitor_center@nps.gov,Email address for basic park information.
954,344,,ilyse_goldman@nps.gov,""
955,345,,PERI_Interpretation@nps.gov,""
956,346,,nps_valr_visitor_services@nps.gov,""
957,347,,peco_visitor_information@nps.gov,""
958,348,,national_mall@nps.gov,""
959,349,,pevi_social_media@nps.gov,This email will go to our web and social media team and they will respond.
960,350,,PETE_Info@nps.gov,""
961,351,,PEFO_information@nps.gov,""
962,352,,petr_interpretation@nps.gov,For General Park Inquiries
963,353,,piro_information@nps.gov,""
964,354,,pinn_visitor_information@nps.gov,"Please include dates or season of your visit if applicable. We usually reply to emails within one week. For volunteer opportunities or service projects, please email pinn_volunteer@nps.gov."
965,355,,pipespring_info@nps.gov,""
966,356,,pipe_interpretation@nps.gov,""
967,357,,pisc_visitorservices@nps.gov,""
968,358,,pore_info@nps.gov,"Please browse through this website (the Plan Your Visit section is very useful) and check out the Frequently Asked Questions before submitting your message. We receive a lot of emails requesting information that is available through our website. If you cannot find answers to your questions by browsing through our website, please feel free to send us an email. We will respond to emails in the order they are received. Due to the high volume of email, response to your message may take more than a week."
969,359,,ntir_information@nps.gov,""
970,360,,poch_general_info@nps.gov,General Inquiry and reservations.
971,361,,POHE_information@nps.gov,Emails are routed to the Potomac Heritage National Scenic Trail general email inbox.
972,362,,povertypoint@crt.la.gov,""
973,363,,Wicl_Visitor_Center@nps.gov,"The Visitor Center includes temporary exhibit displays, a Jefferson National Parks Association bookstore/gift shop, and National Park Service staff to receive visitors and answer questions.

Note: an internet search for the NHS tend to direct you to the ""Boyhood Home"" on 13th Street instead of the ""Birthplace Home."" Use the President Willam Jefferson Clinton Birthplace Home National Historic Site address at 117 S. Hervey Street on a GPS, etc. to reach the National Park Service site."
974,364,,goga_pres_socialmedia@nps.gov,""
975,365,,prwi_info@nps.gov,""
976,366,,pull_visitorinfo@nps.gov,Email will be answered within 3-5 business days.
977,367,,puho_info@nps.gov,""
978,368,,puhe_info@nps.gov,""
979,369,,glca_information@nps.gov,General park Information for Glen Canyon National Recreation Area and Rainbow Bridge National Monument. This box is checked weekly.
980,370,,reer_information@nps.gov,""
981,371,,redw_info@nps.gov,""
982,372,,stephanie_pooler@nps.gov,""
983,373,,bibe_info@nps.gov,""
984,374,,rira_admin@nps.gov,""
985,375,,rocr_superintendent@nps.gov,Click on the link to e-mail Rock Creek Park.
986,376,,romo_information@nps.gov,""
987,377,,rowi_info@nps.gov,"For general inquiries about the park, events, programs, and visitor information, you can reach the Roger Williams National Memorial by emailing us at Rowi_Info@nps.gov. Whether you have questions about our hours, directions, tours, or need assistance planning your visit, we're here to help! Our team will get back to you as soon as possible to ensure your experience at the park is enjoyable and memorable."
988,378,,info@fdr.net,""
989,379,,rori_gen_info@nps.gov,""
990,380,,RUCA_Information@nps.gov,""
991,381,,sahi_information@nps.gov,General inbox for Sagamore Hill NHS.
992,382,,sagu_information@nps.gov,""
993,383,,sacr_information@nps.gov,""
994,384,,SACN_Info@nps.gov,""
995,385,,dho59stpaul@yahoo.com,""
996,386,,saga_info@nps.gov,""
997,387,,SAMA_Information@nps.gov,""
998,388,,sapu_interp@nps.gov,""
999,389,,CHRI_Education@nps.gov,""
1000,390,,saan_interpretation@nps.gov,""
1001,391,,ronald_robles@nps.gov,Thank you very much for your message! Our email account is monitored weekdays between 8 am and 5 pm and we will respond to all messages within two business days.
1002,392,,allison_herkey@nps.gov,""
1003,393,,saju_superintendent@nps.gov,""
1004,394,,sand_information@nps.gov,""
1005,395,,ntir_information@nps.gov,""
1006,396,,samo_interpretation@nps.gov,""
1007,397,,SARA_info@nps.gov,Saratoga National Historical Park information line.
1008,398,,SAMA_Information@nps.gov,""
1009,399,,scbl_ranger_activities@nps.gov,""
1010,400,,tegan_sorensen@nps.gov,""
1011,401,,SEKI_information@nps.gov,""
1012,402,,shen_info@nps.gov,"Park information, lost and found and trip planning. Emails are answered on weekdays only, usually within 5 business days."
1013,403,,shil_interpretation@nps.gov,""
1014,404,,SITK_Information_Requests@nps.gov,""
1015,405,,sleepingbearinfo@nps.gov,""
1016,406,,quinn_gilly@nps.gov,""
1017,407,,spar_interpretation@nps.gov,""
1018,408,,Star-Spangled-Trail_info@nps.gov,""
1019,409,,stli_info@nps.gov,""
1020,410,,STGE_Visitor_Info@nps.gov,""
1021,411,,stea_visitor_information@nps.gov,General park information
1022,412,,stri_administration@nps.gov,stri_administration@nps.gov
1023,413,,Stonewall@nps.gov,""
1024,414,,flag_information@nps.gov,""
1025,415,,tapr_interpretation@nps.gov,""
1026,416,,indevisitorinfo@nps.gov,Use the email for information about the site.
1027,417,,presidents_park@nps.gov,""
1028,418,,thrb_info@nps.gov,""
1029,419,,info@trsite.org,""
1030,420,,gwmp_superintendent@nps.gov,""
1031,421,,thro_interpretation@nps.gov,""
1032,422,,director@thomascole.org,""
1033,423,,edis.interpretation@gmail.com,Please use this email to send us your questions/concerns.
1034,424,,national_mall@nps.gov,""
1035,425,,gewa_thst_information@nps.gov,""
1036,426,,tica_info@nps.gov,""
1037,427,,timu_information@nps.gov,""
1038,428,,tont_information@nps.gov,"If you have general questions about Tonto National Monument and the cliff dwellings, please send us an email. We will respond as soon as possible."
1039,429,,cji@congregationjeshuatisrael.org,This email address routes to Congregation Jeshuat Israel. It does not go to a National Park Service inbox.
1040,430,,ntir_information@nps.gov,""
1041,431,,TULE_Information@nps.gov,""
1042,432,,tusk_information@nps.gov,""
1043,433,,NPS_TUMA_Information@nps.gov,""
1044,434,,natr_interpretation@nps.gov,This is a general email box. It is checked Monday through Friday during business hours. It is best to call during business hours for a quicker response.
1045,435,,tuai_information@nps.gov,""
1046,436,,sheryl_buchanan@nps.gov,""
1047,437,,moca_tuzi_info@nps.gov,""
1048,438,,ulsg_interpretation@nps.gov,""
1049,439,,upde_interpretation@nps.gov,""
1050,440,,vall_info@nps.gov,""
1051,441,,vafo_superintendent@nps.gov,""
1052,442,,michael_autenrieth@nps.gov,""
1053,443,,VICK_Information@nps.gov,""
1054,444,,national_mall@nps.gov,""
1055,445,,viis_interpretation@nps.gov,Interpretation
1056,446,,viis_interpretation@nps.gov,Interpretation Division Email.
1057,447,,VOYA_info@nps.gov,""
1058,448,,WACO_info@nps.gov,""
1059,449,,flag_information@nps.gov,""
1060,450,,wapa_interpretation@nps.gov,""
1061,451,,national_mall@nps.gov,""
1062,452,,Johnny_Carawan@NPS.gov,Washington-Rochambeau National Historic Trail
1063,453,,waba_interpretation@nps.gov,""
1064,454,,wefa_interpretation@nps.gov,""
1065,455,,whis_information@nps.gov,""
1066,456,,whsa_interpretation@nps.gov,""
1067,457,,whmi_interpretation@nps.gov,""
1068,458,,wiho_information@nps.gov,""
1069,459,,WICR_visitor_requests@nps.gov,""
1070,460,,WICA_interpretation@nps.gov,""
1071,461,,visit@wingluke.org,""
1072,462,,wotr_interp@nps.gov,""
1073,463,,wori_information_desk@nps.gov,""
1074,464,,National_Mall@nps.gov,The email address for all National Mall and Memorial Park Sites.
1075,465,,national_mall@nps.gov,""
1076,466,,wrst_info@nps.gov,""
1077,467,,caha_public_affairs@nps.gov,""
1078,468,,flag_information@nps.gov,""
1079,469,,YELL_Information@nps.gov,"Contact Yellowstone's park rangers for general park questions, lost and found, or for special use permits."
1080,470,,colo_info@nps.gov,""
1081,471,,yose_web_manager@nps.gov,""
1082,472,,meve_general_information@nps.gov,""
1083,473,,fair_information@nps.gov,""
1084,474,,zion_park_information@nps.gov,"If you cannot find what you need on our website, please write to ask for more information."
